[
    {
        "orderDate": "2024-06-01",
        "name": "Alice Johnson",
        "orderId": "ORD123456",
        "status": "Processing In Warehouse"
    },
    {
        "orderDate": "2024-06-02",
        "name": "Bob Smith",
        "orderId": "ORD123457",
        "status": "Pending Expedition"
    },
    {
        "orderDate": "2024-06-03",
        "name": "Charlie Brown",
        "orderId": "ORD123458",
        "status": "On Delivery"
    },
    {
        "orderDate": "2024-06-04",
        "name": "Daisy Miller",
        "orderId": "ORD123459",
        "status": "Processing In Sorting Station"
    },
    {
        "orderDate": "2024-06-05",
        "name": "Ethan Davis",
        "orderId": "ORD123460",
        "status": "Received"
    },
    {
        "orderDate": "2024-06-06",
        "name": "Fiona Clark",
        "orderId": "ORD123461",
        "status": "Processing In Warehouse"
    },
    {
        "orderDate": "2024-06-07",
        "name": "George Evans",
        "orderId": "ORD123462",
        "status": "Pending Expedition"
    },
    {
        "orderDate": "2024-06-08",
        "name": "Hannah White",
        "orderId": "ORD123463",
        "status": "On Delivery"
    },
    {
        "orderDate": "2024-06-09",
        "name": "Ian Thompson",
        "orderId": "ORD123464",
        "status": "Processing In Sorting Station"
    },
    {
        "orderDate": "2024-06-10",
        "name": "Julia Roberts",
        "orderId": "ORD123465",
        "status": "Received"
    }
]